<keymap version="1" name="Eclipse copy" parent="Eclipse">
  <action id="$Delete">
    <keyboard-shortcut first-keystroke="delete" />
    <keyboard-shortcut first-keystroke="back_space" />
  </action>
  <action id="$Redo">
    <keyboard-shortcut first-keystroke="shift ctrl z" />
  </action>
  <action id="ActivateCommitToolWindow">
    <keyboard-shortcut first-keystroke="alt d" />
  </action>
  <action id="ActivateDatabaseToolWindow">
    <keyboard-shortcut first-keystroke="alt 3" />
  </action>
  <action id="ActivateFindToolWindow" />
  <action id="ActivateJSONViewerToolWindow">
    <keyboard-shortcut first-keystroke="f1" />
  </action>
  <action id="ActivateRemoteHostToolWindow">
    <keyboard-shortcut first-keystroke="alt 3" />
  </action>
  <action id="ActivateSequenceDiagramToolWindow">
    <keyboard-shortcut first-keystroke="alt 0" />
  </action>
  <action id="ActivateStructureToolWindow" />
  <action id="AddToFavoritesPopup" />
  <action id="Back">
    <keyboard-shortcut first-keystroke="alt left" />
    <mouse-shortcut keystroke="button4" />
    <keyboard-shortcut first-keystroke="alt open_bracket" />
  </action>
  <action id="ByteCodeViewer">
    <keyboard-shortcut first-keystroke="ctrl alt f1" />
  </action>
  <action id="ChooseDebugConfiguration" />
  <action id="CloseAllEditors">
    <keyboard-shortcut first-keystroke="shift ctrl w" />
  </action>
  <action id="CloseAllEditorsButActive">
    <keyboard-shortcut first-keystroke="ctrl alt f4" />
    <keyboard-shortcut first-keystroke="ctrl alt w" />
  </action>
  <action id="CloseAllToTheLeft">
    <keyboard-shortcut first-keystroke="shift ctrl comma" />
  </action>
  <action id="CloseAllToTheRight">
    <keyboard-shortcut first-keystroke="shift ctrl period" />
  </action>
  <action id="CloseContent">
    <keyboard-shortcut first-keystroke="ctrl w" />
  </action>
  <action id="CodeGlance.toggle">
    <keyboard-shortcut first-keystroke="shift ctrl g" />
    <keyboard-shortcut first-keystroke="shift ctrl minus" />
  </action>
  <action id="Console.TableResult.NavigateExportedAction">
    <keyboard-shortcut first-keystroke="ctrl alt g" />
  </action>
  <action id="ConsoleView.ClearAll">
    <keyboard-shortcut first-keystroke="ctrl alt q" />
  </action>
  <action id="ContextHelp" />
  <action id="Debug">
    <keyboard-shortcut first-keystroke="shift ctrl d" />
  </action>
  <action id="DebugClass">
    <keyboard-shortcut first-keystroke="shift ctrl d" />
  </action>
  <action id="Editor Delete">
    <keyboard-shortcut first-keystroke="back_space" />
  </action>
  <action id="Editor Redo">
    <keyboard-shortcut first-keystroke="shift ctrl z" />
  </action>
  <action id="EditorCompleteStatement">
    <keyboard-shortcut first-keystroke="shift ctrl enter" />
    <keyboard-shortcut first-keystroke="semicolon" />
  </action>
  <action id="EditorSplitLine" />
  <action id="EditorStartNewLineBefore">
    <keyboard-shortcut first-keystroke="ctrl alt enter" />
    <keyboard-shortcut first-keystroke="ctrl enter" />
  </action>
  <action id="FileChooser.LightEditGotoOpenedFile">
    <keyboard-shortcut first-keystroke="ctrl back_quote" />
  </action>
  <action id="FileChooser.TogglePathShowing" />
  <action id="Find">
    <keyboard-shortcut first-keystroke="ctrl f" />
  </action>
  <action id="FindUsages">
    <keyboard-shortcut first-keystroke="ctrl alt g" />
  </action>
  <action id="Forward">
    <keyboard-shortcut first-keystroke="alt right" />
    <mouse-shortcut keystroke="button5" />
    <keyboard-shortcut first-keystroke="alt close_bracket" />
  </action>
  <action id="GotoBookmark1">
    <keyboard-shortcut first-keystroke="ctrl 1" />
  </action>
  <action id="GotoFile" />
  <action id="GotoNextError">
    <keyboard-shortcut first-keystroke="alt e" />
  </action>
  <action id="GotoTest">
    <keyboard-shortcut first-keystroke="shift alt t" />
  </action>
  <action id="GotoUrlAction" />
  <action id="Jdbc.OpenConsole.New">
    <keyboard-shortcut first-keystroke="shift ctrl q" />
    <keyboard-shortcut first-keystroke="alt enter" />
  </action>
  <action id="JumpToLastChange" />
  <action id="MaximizeToolWindow" />
  <action id="NextDiff">
    <keyboard-shortcut first-keystroke="ctrl f7" />
    <keyboard-shortcut first-keystroke="ctrl close_bracket" />
  </action>
  <action id="NextSplitter">
    <keyboard-shortcut first-keystroke="shift ctrl back_space" />
    <keyboard-shortcut first-keystroke="shift ctrl enter" />
  </action>
  <action id="ParameterInfo">
    <keyboard-shortcut first-keystroke="ctrl p" />
  </action>
  <action id="PreviousDiff">
    <keyboard-shortcut first-keystroke="shift f7" />
    <keyboard-shortcut first-keystroke="ctrl open_bracket" />
  </action>
  <action id="Print" />
  <action id="QuickChangeScheme" />
  <action id="RenameElement">
    <keyboard-shortcut first-keystroke="shift alt r" />
    <keyboard-shortcut first-keystroke="shift f6" />
  </action>
  <action id="ReplaceInPath">
    <keyboard-shortcut first-keystroke="ctrl alt r" />
  </action>
  <action id="ResizeToolWindowDown">
    <keyboard-shortcut first-keystroke="shift ctrl down" />
  </action>
  <action id="ResizeToolWindowLeft">
    <keyboard-shortcut first-keystroke="shift ctrl left" />
  </action>
  <action id="ResizeToolWindowRight">
    <keyboard-shortcut first-keystroke="shift ctrl right" />
  </action>
  <action id="ResizeToolWindowUp">
    <keyboard-shortcut first-keystroke="shift ctrl up" />
  </action>
  <action id="Resume">
    <keyboard-shortcut first-keystroke="f8" />
    <keyboard-shortcut first-keystroke="f9" />
    <keyboard-shortcut first-keystroke="ctrl back_slash" />
  </action>
  <action id="RunClass">
    <keyboard-shortcut first-keystroke="shift ctrl r" />
  </action>
  <action id="RunDashboard.Run">
    <keyboard-shortcut first-keystroke="shift ctrl r" />
  </action>
  <action id="SelectAllOccurrences">
    <keyboard-shortcut first-keystroke="ctrl alt y" />
    <keyboard-shortcut first-keystroke="shift alt r" />
  </action>
  <action id="SelectIn" />
  <action id="SelectInProjectView">
    <keyboard-shortcut first-keystroke="ctrl back_quote" />
  </action>
  <action id="SequencePlugin.ShowSequenceDiagram">
    <keyboard-shortcut first-keystroke="ctrl alt back_slash" />
  </action>
  <action id="ShowIntentionActions">
    <keyboard-shortcut first-keystroke="alt enter" />
  </action>
  <action id="ShowPopupMenu">
    <keyboard-shortcut first-keystroke="ctrl n" />
    <keyboard-shortcut first-keystroke="shift alt s" />
    <keyboard-shortcut first-keystroke="ctrl f10" />
  </action>
  <action id="ShowUsages">
    <keyboard-shortcut first-keystroke="ctrl g" />
  </action>
  <action id="SplitVertically">
    <keyboard-shortcut first-keystroke="ctrl q" />
  </action>
  <action id="StepInto">
    <keyboard-shortcut first-keystroke="f5" />
    <keyboard-shortcut first-keystroke="shift ctrl quote" />
  </action>
  <action id="StepOver">
    <keyboard-shortcut first-keystroke="f6" />
    <keyboard-shortcut first-keystroke="ctrl quote" />
  </action>
  <action id="ToggleRenderedDocPresentation" />
  <action id="ToggleRenderedDocPresentationForAll">
    <keyboard-shortcut first-keystroke="shift ctrl alt r" />
  </action>
  <action id="Tool.GotoRequestService">
    <keyboard-shortcut first-keystroke="shift ctrl back_slash" />
  </action>
  <action id="Vcs.ShowTabbedFileHistory">
    <keyboard-shortcut first-keystroke="f12" />
  </action>
  <action id="ViewMainMenu">
    <keyboard-shortcut first-keystroke="shift alt home" />
  </action>
  <action id="WD.UploadCurrentRemoteFileAction">
    <keyboard-shortcut first-keystroke="shift alt 3" />
  </action>
  <action id="WebDeployment.BrowseServers">
    <keyboard-shortcut first-keystroke="alt f3" />
  </action>
  <action id="action.DialogTranslateAction">
    <keyboard-shortcut first-keystroke="alt 3" />
    <keyboard-shortcut first-keystroke="ctrl alt 3" />
  </action>
  <action id="action.impl.Translator">
    <keyboard-shortcut first-keystroke="alt 1" />
    <keyboard-shortcut first-keystroke="ctrl alt 1" />
  </action>
  <action id="com.jetbrains.plugins.remotesdk.console.RunSshConsoleAction">
    <keyboard-shortcut first-keystroke="alt l" />
  </action>
  <action id="delombokAny">
    <keyboard-shortcut first-keystroke="ctrl alt f2" />
  </action>
  <action id="ink.organics.pojo2json.ProjectViewPopupMenuAction">
    <keyboard-shortcut first-keystroke="ctrl alt c" />
  </action>
  <action id="io.nimbly.any2json.Any2JsonPreviewAction">
    <keyboard-shortcut first-keystroke="shift alt j" />
  </action>
  <action id="org.jetbrains.security.toolwindow.tree.actions.FindUsagesAction">
    <keyboard-shortcut first-keystroke="ctrl alt g" />
  </action>
  <action id="runShellFileAction">
    <keyboard-shortcut first-keystroke="shift ctrl r" />
  </action>
  <action id="tasks.switch" />
</keymap>