<code_scheme name="Default copy1" version="173">
  <JSCodeStyleSettings version="0">
    <option name="ENFORCE_TRAILING_COMMA" value="WhenMultiline" />
    <option name="INDENT_CHAINED_CALLS" value="false" />
  </JSCodeStyleSettings>
  <JavaCodeStyleSettings>
    <option name="GENERATE_FINAL_LOCALS" value="true" />
    <option name="GENERATE_FINAL_PARAMETERS" value="true" />
    <option name="CLASS_COUNT_TO_USE_IMPORT_ON_DEMAND" value="999" />
    <option name="NAMES_COUNT_TO_USE_IMPORT_ON_DEMAND" value="999" />
  </JavaCodeStyleSettings>
  <codeStyleSettings language="JAVA">
    <option name="ALIGN_MULTILINE_CHAINED_METHODS" value="true" />
    <option name="ALIGN_MULTILINE_PARAMETERS_IN_CALLS" value="true" />
    <option name="METHOD_PARAMETERS_WRAP" value="2" />
    <option name="METHOD_CALL_CHAIN_WRAP" value="2" />
    <indentOptions>
      <option name="CONTINUATION_INDENT_SIZE" value="4" />
    </indentOptions>
  </codeStyleSettings>
  <codeStyleSettings language="JavaScript">
    <option name="KEEP_FIRST_COLUMN_COMMENT" value="false" />
    <option name="ALIGN_MULTILINE_CHAINED_METHODS" value="true" />
    <option name="ALIGN_MULTILINE_PARAMETERS_IN_CALLS" value="true" />
    <option name="ALIGN_MULTILINE_EXTENDS_LIST" value="true" />
    <option name="ALIGN_MULTILINE_ARRAY_INITIALIZER_EXPRESSION" value="true" />
    <option name="CALL_PARAMETERS_WRAP" value="2" />
    <option name="EXTENDS_LIST_WRAP" value="1" />
    <option name="METHOD_CALL_CHAIN_WRAP" value="1" />
    <option name="ARRAY_INITIALIZER_WRAP" value="2" />
    <indentOptions>
      <option name="KEEP_INDENTS_ON_EMPTY_LINES" value="true" />
    </indentOptions>
  </codeStyleSettings>
</code_scheme>